5 ; 0.2149999999999963 ; 0.30999999999999517 
10 ; 0.020000000000003126 ; 0.060000000000002274 
15 ; 0.06999999999999318 ; 0.06999999999999318 
20 ; 0.020000000000003126 ; 0.14499999999999602 
25 ; 0.03499999999999659 ; 0.12999999999999545 
30 ; 0.04500000000000881 ; 0.14000000000000057 
35 ; 0.054999999999999716 ; 0.1699999999999946 
40 ; 0.07500000000000284 ; 0.17999999999999972 
45 ; 0.1700000000000017 ; 0.22500000000000142 
50 ; 0.10000000000000142 ; 0.259999999999998 
55 ; 0.134999999999998 ; 0.259999999999998 
60 ; 0.17499999999999716 ; 0.4200000000000017 
65 ; 0.19999999999999574 ; 0.29999999999999005 
70 ; 0.17499999999999716 ; 0.6999999999999957 
75 ; 0.4200000000000017 ; 0.5150000000000006 
80 ; 0.25 ; 0.7049999999999912 
85 ; 0.34500000000000597 ; 0.6049999999999969 
90 ; 1.2999999999999972 ; 1.654999999999994 
95 ; 0.015000000000000568 ; 0.8699999999999974 
100 ; 0.010000000000005116 ; 0.4399999999999977 
105 ; 0.01999999999999602 ; 0.4550000000000054 
110 ; 0.03499999999999659 ; 0.6799999999999997 
115 ; 0.020000000000003126 ; 0.5549999999999997 
120 ; 0.02999999999999403 ; 0.3100000000000094 
125 ; 0.020000000000003126 ; 0.21999999999999886 
130 ; 0.020000000000003126 ; 0.2149999999999963 
135 ; 0.0350000000000108 ; 0.22999999999999687 
140 ; 0.025000000000005684 ; 0.3100000000000023 
145 ; 0.025000000000005684 ; 0.3199999999999932 
150 ; 0.025000000000019895 ; 0.46000000000000796 
155 ; 0.020000000000010232 ; 0.41499999999999204 
160 ; 0.03999999999999204 ; 1.0949999999999989 
165 ; 0.030000000000001137 ; 0.2599999999999909 
170 ; 0.030000000000001137 ; 0.2950000000000017 
175 ; 0.030000000000001137 ; 0.37000000000001876 
180 ; 0.0350000000000108 ; 0.3050000000000068 
185 ; 0.0350000000000108 ; 0.3049999999999926 
190 ; 0.03999999999999204 ; 1.5100000000000051 
195 ; 0.044999999999987494 ; 0.45000000000000284 
200 ; 0.03999999999999204 ; 0.519999999999996 
205 ; 0.045000000000001705 ; 0.5550000000000068 
210 ; 0.07500000000000284 ; 0.8850000000000051 
215 ; 0.05499999999999261 ; 0.33500000000000796 
220 ; 0.05000000000001137 ; 0.42499999999999716 
225 ; 0.03499999999998238 ; 0.2950000000000017 
230 ; 0.04999999999999716 ; 0.4200000000000017 
235 ; 0.04000000000000625 ; 0.3200000000000074 
240 ; 0.060000000000016485 ; 0.38000000000000966 
245 ; 0.09499999999999886 ; 0.4649999999999892 
250 ; 0.03499999999999659 ; 0.46000000000000796 
255 ; 0.0899999999999892 ; 0.8650000000000091 
260 ; 0.03999999999999204 ; 0.40500000000000114 
265 ; 0.060000000000002274 ; 1.2349999999999994 
270 ; 0.05999999999998806 ; 0.6149999999999949 
275 ; 0.06499999999999773 ; 1.3299999999999983 
280 ; 0.07500000000000284 ; 0.6199999999999903 
285 ; 0.07000000000000739 ; 0.5799999999999983 
290 ; 0.06499999999999773 ; 0.8850000000000193 
295 ; 0.09999999999999432 ; 0.5550000000000068 
300 ; 0.10000000000000853 ; 0.5649999999999977 
305 ; 0.13500000000000512 ; 0.5999999999999943 
310 ; 0.12000000000000455 ; 0.5300000000000153 
315 ; 0.09500000000001307 ; 0.6299999999999955 
320 ; 0.08500000000000796 ; 0.9500000000000028 
325 ; 0.07999999999998408 ; 0.6049999999999898 
330 ; 0.09499999999999886 ; 0.4300000000000068 
335 ; 0.09000000000000341 ; 0.5700000000000216 
340 ; 0.09499999999999886 ; 0.6450000000000102 
345 ; 0.09999999999999432 ; 0.664999999999992 
350 ; 0.09000000000000341 ; 0.910000000000025 
355 ; 0.1150000000000091 ; 0.700000000000017 
360 ; 0.1150000000000091 ; 0.5949999999999989 
365 ; 0.1150000000000091 ; 0.4899999999999807 
370 ; 0.13999999999998636 ; 0.5 
375 ; 0.14000000000001478 ; 0.799999999999983 
380 ; 0.14500000000001023 ; 0.7399999999999807 
385 ; 0.14000000000001478 ; 0.7650000000000148 
390 ; 0.1150000000000091 ; 0.5250000000000057 
395 ; 0.15000000000000568 ; 0.625 
400 ; 0.15500000000002956 ; 1.1149999999999807 
405 ; 0.1449999999999818 ; 0.8950000000000102 
410 ; 0.1349999999999909 ; 0.7750000000000057 
415 ; 0.14500000000001023 ; 0.8849999999999909 
420 ; 0.18500000000000227 ; 0.6700000000000159 
425 ; 0.16499999999999204 ; 1.545000000000016 
430 ; 0.17499999999998295 ; 0.6999999999999886 
435 ; 0.18500000000000227 ; 0.9099999999999966 
440 ; 0.19999999999998863 ; 1.3750000000000284 
445 ; 0.15499999999997272 ; 0.9499999999999886 
450 ; 0.15500000000002956 ; 0.8999999999999773 
455 ; 0.5200000000000102 ; 0.9899999999999807 
460 ; 0.17499999999998295 ; 0.9349999999999739 
465 ; 0.12000000000000455 ; 0.7400000000000091 
470 ; 0.18999999999999773 ; 0.6199999999999761 
475 ; 0.17499999999998295 ; 0.6500000000000057 
480 ; 0.18000000000000682 ; 0.6450000000000102 
485 ; 0.18999999999999773 ; 0.7549999999999955 
490 ; 0.19999999999998863 ; 0.5900000000000034 
495 ; 0.17499999999998295 ; 0.9699999999999989 
500 ; 0.160000000000025 ; 0.6150000000000091 
505 ; 0.17500000000001137 ; 0.7150000000000034 
510 ; 0.20000000000001705 ; 0.8499999999999943 
515 ; 0.18499999999997385 ; 0.625 
520 ; 0.214999999999975 ; 0.6249999999999716 
525 ; 0.24500000000000455 ; 0.7849999999999966 
530 ; 0.19499999999999318 ; 0.6500000000000057 
535 ; 0.18500000000000227 ; 0.6449999999999818 
540 ; 0.18999999999999773 ; 0.7649999999999864 
545 ; 0.19499999999999318 ; 0.674999999999983 
550 ; 0.20000000000001705 ; 0.6800000000000352 
555 ; 0.25499999999999545 ; 0.9699999999999989 
560 ; 0.2650000000000148 ; 2.2450000000000045 
565 ; 0.4350000000000307 ; 1.1200000000000045 
570 ; 0.21000000000000796 ; 0.7049999999999841 
575 ; 0.21999999999999886 ; 0.8249999999999886 
580 ; 0.2950000000000159 ; 0.8850000000000477 
585 ; 0.24499999999997613 ; 0.8100000000000023 
590 ; 0.2050000000000125 ; 0.8499999999999943 
595 ; 0.24499999999997613 ; 0.7199999999999989 
600 ; 0.23500000000001364 ; 1.1899999999999977 
605 ; 0.285000000000025 ; 1.0200000000000102 
610 ; 0.3050000000000068 ; 1.2150000000000034 
615 ; 0.2400000000000091 ; 1.6450000000000102 
620 ; 0.3650000000000091 ; 1.329999999999984 
625 ; 0.23499999999998522 ; 0.7800000000000011 
630 ; 0.2750000000000057 ; 0.7800000000000011 
635 ; 0.2550000000000239 ; 0.8899999999999864 
640 ; 0.26499999999998636 ; 0.950000000000017 
645 ; 0.26499999999998636 ; 1.049999999999983 
650 ; 0.40500000000000114 ; 1.4550000000000125 
655 ; 0.24499999999997613 ; 1.5300000000000011 
660 ; 0.4099999999999966 ; 1.4499999999999886 
665 ; 0.21999999999999886 ; 0.7900000000000205 
670 ; 0.30000000000001137 ; 0.8549999999999898 
675 ; 0.3049999999999784 ; 1.0100000000000193 
680 ; 0.2699999999999818 ; 0.8799999999999955 
685 ; 0.3050000000000068 ; 1.835000000000008 
690 ; 0.28999999999999204 ; 1.3599999999999852 
695 ; 0.37000000000003297 ; 1.5550000000000068 
700 ; 0.3100000000000023 ; 1.5749999999999886 
705 ; 0.29500000000004434 ; 1.4349999999999739 
710 ; 0.41499999999999204 ; 1.2300000000000182 
715 ; 0.40500000000002956 ; 1.5950000000000273 
720 ; 0.4200000000000159 ; 1.579999999999984 
725 ; 0.2950000000000159 ; 1.420000000000016 
730 ; 0.5250000000000341 ; 1.5349999999999682 
735 ; 0.3550000000000182 ; 0.9250000000000114 
740 ; 0.34000000000003183 ; 0.9499999999999886 
745 ; 0.32499999999998863 ; 0.9399999999999977 
750 ; 0.33499999999997954 ; 1.0550000000000637 
755 ; 0.3450000000000273 ; 1.0149999999999864 
760 ; 0.37000000000000455 ; 2.6049999999999613 
765 ; 0.37499999999994316 ; 1.4049999999999727 
770 ; 0.35000000000002274 ; 1.6650000000000205 
775 ; 0.3050000000000068 ; 1.5850000000000364 
780 ; 0.3149999999999977 ; 1.009999999999991 
785 ; 0.3350000000000364 ; 2.125 
790 ; 0.5900000000000318 ; 4.0400000000000205 
795 ; 0.4700000000000273 ; 1.1400000000000432 
800 ; 0.29000000000002046 ; 1.6050000000000182 
805 ; 0.37500000000005684 ; 1.1599999999999682 
810 ; 0.5099999999999341 ; 1.6850000000000023 
815 ; 0.46999999999997044 ; 1.170000000000016 
820 ; 0.37499999999994316 ; 1.0400000000000773 
825 ; 0.339999999999975 ; 1.8850000000000477 
830 ; 0.30000000000001137 ; 1.0650000000000546 
835 ; 0.7700000000000387 ; 1.4300000000000068 
840 ; 0.5699999999999932 ; 1.4250000000000114 
845 ; 0.3300000000000409 ; 1.07000000000005 
850 ; 0.3199999999999932 ; 1.2100000000000364 
855 ; 0.34000000000003183 ; 1.0950000000000273 
860 ; 0.32499999999998863 ; 1.9150000000000205 
865 ; 0.3299999999999841 ; 1.4300000000000068 
870 ; 0.5449999999999591 ; 1.9599999999999795 
875 ; 0.3550000000000182 ; 1.0850000000000364 
880 ; 0.3600000000000705 ; 1.1850000000000023 
885 ; 0.36000000000001364 ; 1.089999999999975 
890 ; 0.3600000000000705 ; 2.05499999999995 
895 ; 0.5300000000000296 ; 1.7299999999999613 
900 ; 0.4549999999999841 ; 3.840000000000032 
905 ; 0.7699999999999818 ; 1.329999999999984 
910 ; 0.410000000000025 ; 1.285000000000025 
915 ; 0.39999999999997726 ; 1.3000000000000682 
920 ; 0.38999999999998636 ; 1.5049999999999955 
925 ; 0.6299999999999386 ; 1.67999999999995 
930 ; 0.4300000000000068 ; 2.055000000000007 
935 ; 0.8599999999999568 ; 1.5050000000000523 
940 ; 0.5100000000000477 ; 1.259999999999991 
945 ; 0.5800000000000409 ; 1.4049999999999727 
950 ; 0.4399999999999977 ; 1.2349999999999568 
955 ; 0.7649999999999295 ; 2.624999999999943 
960 ; 0.5300000000000296 ; 3.265000000000043 
965 ; 0.4900000000000091 ; 1.2549999999999955 
970 ; 0.4399999999999977 ; 1.2649999999999295 
975 ; 0.464999999999975 ; 1.5600000000000023 
980 ; 0.7200000000000273 ; 1.2900000000000205 
985 ; 0.8199999999999932 ; 1.9049999999999727 
990 ; 0.5149999999999864 ; 2.759999999999991 
995 ; 0.4449999999999932 ; 1.2450000000000045 
1000 ; 0.464999999999975 ; 1.285000000000025 
1005 ; 0.4800000000000182 ; 1.295000000000016 
1010 ; 0.4800000000000182 ; 1.4150000000000205 
1015 ; 0.8650000000000091 ; 2.0500000000000114 
1020 ; 0.875 ; 2.7649999999999864 
1025 ; 0.7399999999999523 ; 1.3550000000000182 
1030 ; 0.4800000000000182 ; 1.339999999999975 
1035 ; 0.5550000000000068 ; 1.3599999999999568 
1040 ; 0.5150000000000432 ; 1.5900000000000318 
1045 ; 0.7800000000000296 ; 2.965000000000032 
1050 ; 1.7000000000000455 ; 1.3899999999999864 
1055 ; 0.6050000000000182 ; 1.8550000000000182 
1060 ; 0.5800000000000409 ; 1.6949999999999932 
1065 ; 0.5649999999999977 ; 2.115000000000009 
1070 ; 0.5349999999999682 ; 1.419999999999959 
1075 ; 0.5400000000000205 ; 2.775000000000034 
1080 ; 0.5150000000000432 ; 1.7549999999999955 
1085 ; 0.6549999999999727 ; 1.69500000000005 
1090 ; 0.6400000000000432 ; 1.4600000000000364 
1095 ; 0.5450000000000159 ; 2.410000000000025 
1100 ; 0.5699999999999932 ; 1.4449999999999363 
1105 ; 1.1949999999999932 ; 2.6549999999999727 
1110 ; 1.0150000000000432 ; 1.6450000000000387 
1115 ; 0.5950000000000273 ; 2.1049999999999613 
1120 ; 0.6699999999999591 ; 2.134999999999991 
1125 ; 0.6450000000000387 ; 1.8550000000000182 
1130 ; 0.6749999999999545 ; 2.694999999999993 
1135 ; 0.814999999999884 ; 1.589999999999975 
1140 ; 0.6100000000000136 ; 1.6649999999999068 
1145 ; 0.605000000000075 ; 2.115000000000123 
1150 ; 0.7049999999999841 ; 1.4850000000000136 
1155 ; 0.724999999999909 ; 3.5150000000001 
1160 ; 0.7100000000000364 ; 2.025000000000091 
1165 ; 0.6350000000001046 ; 1.5149999999999864 
1170 ; 0.7749999999999773 ; 2.380000000000109 
1175 ; 0.6599999999999682 ; 1.5249999999999773 
1180 ; 0.6599999999999682 ; 2.8899999999999864 
1185 ; 1.1399999999999864 ; 1.7450000000000045 
1190 ; 0.6749999999999545 ; 1.6050000000000182 
1195 ; 0.6700000000000728 ; 2.0149999999999864 
1200 ; 0.6800000000000637 ; 1.8999999999998636 
1205 ; 0.6750000000000682 ; 2.785000000000082 
1210 ; 0.720000000000141 ; 2.185000000000059 
1215 ; 0.9249999999999545 ; 1.8000000000000682 
1220 ; 0.75 ; 2.1499999999999773 
1225 ; 1.0349999999999682 ; 1.6050000000001319 
1230 ; 3.1399999999999864 ; 2.7899999999999636 
1235 ; 0.7350000000000136 ; 1.7399999999998954 
1240 ; 0.7149999999999181 ; 2.0949999999999136 
1245 ; 1.044999999999959 ; 1.7100000000000364 
1250 ; 0.8150000000000546 ; 3.9750000000000227 
1255 ; 0.9800000000000182 ; 1.8750000000001137 
1260 ; 0.7450000000000045 ; 1.779999999999859 
1265 ; 0.7450000000000045 ; 2.5850000000000364 
1270 ; 0.7599999999999909 ; 2.644999999999982 
1275 ; 1.349999999999909 ; 2.169999999999959 
1280 ; 0.7450000000000045 ; 1.7649999999999864 
1285 ; 0.7350000000001273 ; 1.9149999999999636 
1290 ; 1.1000000000000227 ; 1.7199999999999136 
1295 ; 0.9049999999999727 ; 4.404999999999973 
1300 ; 0.9349999999999454 ; 1.6999999999999318 
1305 ; 0.7900000000000773 ; 2.1000000000000227 
1310 ; 1.2400000000001228 ; 1.8599999999999 
1315 ; 0.8050000000000637 ; 2.919999999999959 
1320 ; 0.904999999999859 ; 2.1550000000000864 
1325 ; 0.875 ; 1.7450000000000045 
1330 ; 0.7999999999999545 ; 1.7749999999999773 
1335 ; 1.6100000000000136 ; 2.1399999999999864 
1340 ; 2.659999999999968 ; 3.205000000000041 
1345 ; 1.07000000000005 ; 3.4850000000000136 
1350 ; 1.0049999999999955 ; 1.8700000000000045 
1355 ; 0.8949999999999818 ; 1.9250000000000682 
1360 ; 0.8799999999998818 ; 3.28999999999985 
1365 ; 0.8500000000000227 ; 2.6000000000000227 
1370 ; 0.8700000000000045 ; 1.9650000000000318 
1375 ; 0.8899999999999864 ; 2.6650000000000773 
1380 ; 0.8799999999999955 ; 1.8450000000000273 
1385 ; 0.8700000000000045 ; 2.419999999999959 
1390 ; 0.8900000000001 ; 1.9099999999999682 
1395 ; 1.8500000000000227 ; 2.0849999999999227 
1400 ; 1.3450000000000273 ; 1.94500000000005 
1405 ; 0.8799999999999955 ; 1.8600000000000136 
1410 ; 1.4499999999999318 ; 2.0100000000001046 
1415 ; 0.9399999999999409 ; 3.730000000000018 
1420 ; 1.3150000000000546 ; 2.044999999999959 
1425 ; 0.92999999999995 ; 1.92999999999995 
1430 ; 1 ; 2.490000000000009 
1435 ; 0.9049999999999727 ; 3.4799999999999045 
1440 ; 0.9649999999999181 ; 2.2649999999999864 
1445 ; 1.3899999999998727 ; 2.080000000000041 
1450 ; 0.9899999999998954 ; 3.3099999999999454 
1455 ; 1 ; 3.5950000000000273 
1460 ; 1.4449999999999363 ; 2.494999999999891 
1465 ; 0.9300000000000637 ; 2.105000000000018 
1470 ; 1.6299999999999955 ; 1.9850000000000136 
1475 ; 1.275000000000091 ; 5.415000000000077 
1480 ; 1.0499999999999545 ; 2.034999999999968 
1485 ; 1.365000000000009 ; 2.615000000000009 
1490 ; 0.9800000000000182 ; 3.1400000000001 
1495 ; 0.9850000000000136 ; 2.6550000000000864 
1500 ; 1.0149999999999864 ; 2.2700000000000955 
1505 ; 1.05499999999995 ; 2.7000000000000455 
1510 ; 1.03999999999985 ; 3.705000000000041 
1515 ; 1.0899999999999181 ; 2.67999999999995 
1520 ; 1.1099999999999 ; 2.6499999999999773 
1525 ; 1.7300000000000182 ; 2.134999999999991 
1530 ; 1.0899999999999181 ; 4.454999999999927 
1535 ; 1.7999999999999545 ; 2.30499999999995 
1540 ; 1.3450000000000273 ; 3.240000000000009 
1545 ; 1.0750000000000455 ; 3.4950000000000045 
1550 ; 1.330000000000041 ; 2.5400000000000773 
1555 ; 1.0850000000000364 ; 2.3250000000000455 
1560 ; 1.7649999999999864 ; 2.634999999999877 
1565 ; 1.9500000000000455 ; 2.705000000000041 
1570 ; 1.1399999999999864 ; 2.4799999999999045 
1575 ; 1.2200000000000273 ; 2.535000000000082 
1580 ; 1.19500000000005 ; 4.065000000000055 
1585 ; 1.3450000000000273 ; 2.5950000000000273 
1590 ; 1.125 ; 2.17999999999995 
1595 ; 1.294999999999959 ; 2.759999999999991 
1600 ; 1.134999999999991 ; 3.424999999999841 
1605 ; 2.1749999999999545 ; 2.4449999999999363 
1610 ; 1.1499999999999773 ; 2.2299999999999045 
1615 ; 1.6900000000001683 ; 2.310000000000059 
1620 ; 2.3549999999999045 ; 3.7049999999999272 
1625 ; 1.2000000000000455 ; 2.384999999999991 
1630 ; 1.580000000000041 ; 2.3700000000000045 
1635 ; 1.2649999999999864 ; 3.8899999999999864 
1640 ; 1.6299999999999955 ; 2.365000000000009 
1645 ; 1.2300000000000182 ; 3.2950000000000728 
1650 ; 1.5299999999999727 ; 4.474999999999909 
1655 ; 1.525000000000091 ; 2.3449999999999136 
1660 ; 1.25 ; 2.2549999999999955 
1665 ; 1.9050000000000864 ; 2.855000000000018 
1670 ; 1.6900000000000546 ; 2.7099999999999227 
1675 ; 1.4399999999999409 ; 2.310000000000059 
1680 ; 1.2649999999999864 ; 4.094999999999914 
1685 ; 3.314999999999941 ; 2.8400000000001455 
1690 ; 1.2999999999999545 ; 2.3150000000000546 
1695 ; 1.4300000000000637 ; 2.9500000000000455 
1700 ; 1.2349999999999 ; 4.864999999999895 
1705 ; 1.525000000000091 ; 2.529999999999859 
1710 ; 1.3299999999999272 ; 2.839999999999918 
1715 ; 1.2999999999999545 ; 4.389999999999986 
1720 ; 1.9249999999999545 ; 2.3900000000001 
1725 ; 1.365000000000009 ; 2.699999999999932 
1730 ; 1.4950000000000045 ; 4.589999999999918 
1735 ; 2.28999999999985 ; 2.464999999999918 
1740 ; 1.3799999999999955 ; 3.074999999999818 
1745 ; 1.7350000000001273 ; 4.205000000000155 
1750 ; 1.9949999999998909 ; 2.644999999999982 
1755 ; 1.3949999999999818 ; 2.9049999999999727 
1760 ; 1.3750000000002274 ; 4.194999999999936 
1765 ; 1.6050000000000182 ; 2.8999999999998636 
1770 ; 2.185000000000173 ; 2.8849999999997635 
1775 ; 1.384999999999991 ; 4.119999999999891 
1780 ; 1.474999999999909 ; 3.150000000000091 
1785 ; 1.4400000000000546 ; 3.2849999999998545 
1790 ; 1.4300000000000637 ; 3.714999999999918 
1795 ; 1.4800000000002456 ; 2.785000000000082 
1800 ; 1.4649999999999181 ; 2.7349999999999 
1805 ; 1.75 ; 3.380000000000109 
1810 ; 2.4349999999999454 ; 2.5900000000001455 
1815 ; 1.5450000000000728 ; 2.8350000000002638 
1820 ; 2.324999999999818 ; 5.660000000000082 
1825 ; 1.8549999999997908 ; 2.634999999999991 
1830 ; 2.2749999999998636 ; 3.2200000000000273 
1835 ; 2.5399999999999636 ; 3.050000000000182 
1840 ; 1.4750000000001364 ; 2.8049999999998363 
1845 ; 1.625 ; 2.7499999999997726 
1850 ; 2.3599999999999 ; 3.4600000000000364 
1855 ; 1.525000000000091 ; 2.7999999999999545 
1860 ; 1.5800000000001546 ; 3.5399999999999636 
1865 ; 1.7499999999997726 ; 3.005000000000109 
1870 ; 1.5149999999998727 ; 2.6200000000001182 
1875 ; 1.5699999999999363 ; 3.7000000000000455 
1880 ; 1.650000000000091 ; 5.275000000000318 
1885 ; 1.5750000000000455 ; 2.6400000000001 
1890 ; 1.5799999999999272 ; 3.410000000000082 
1895 ; 2.4450000000001637 ; 2.660000000000082 
1900 ; 1.699999999999818 ; 5.1749999999999545 
1905 ; 1.9600000000000364 ; 4.115000000000009 
1910 ; 3.0850000000000364 ; 2.8649999999997817 
1915 ; 1.6299999999998818 ; 3.3599999999999 
1920 ; 1.599999999999909 ; 3.4400000000000546 
1925 ; 2 ; 2.7749999999998636 
1930 ; 1.6400000000001 ; 3.290000000000191 
1935 ; 1.7050000000001546 ; 4.349999999999682 
1940 ; 2.160000000000082 ; 3.020000000000209 
1945 ; 1.6450000000002092 ; 3.525000000000091 
1950 ; 1.7549999999998818 ; 4.230000000000246 
1955 ; 1.9849999999999 ; 2.7450000000001182 
1960 ; 1.9649999999999181 ; 2.769999999999982 
1965 ; 2.5699999999999363 ; 4.440000000000055 
1970 ; 1.7699999999997544 ; 2.759999999999991 
1975 ; 2.6749999999999545 ; 3.6649999999999636 
1980 ; 2.2799999999999727 ; 2.980000000000018 
1985 ; 1.7849999999998545 ; 3.1399999999998727 
1990 ; 1.7449999999998909 ; 4.065000000000055 
1995 ; 2.240000000000009 ; 2.939999999999827 
2000 ; 1.775000000000091 ; 3.425000000000182 
2005 ; 1.7850000000000819 ; 5.125000000000227 
2010 ; 2.3649999999997817 ; 2.875 
2015 ; 2.2649999999998727 ; 3.0399999999999636 
2020 ; 2.8350000000000364 ; 4.455000000000155 
2025 ; 2.020000000000209 ; 2.900000000000091 
2030 ; 2.1249999999997726 ; 4.904999999999973 
2035 ; 2.3250000000000455 ; 2.875 
2040 ; 1.865000000000009 ; 3.375 
2045 ; 2.060000000000173 ; 4.425000000000182 
2050 ; 2.1149999999997817 ; 2.8700000000003456 
2055 ; 2.7849999999998545 ; 2.990000000000009 
2060 ; 1.9850000000001273 ; 3.599999999999909 
2065 ; 1.8699999999998909 ; 3.950000000000273 
2070 ; 3.310000000000173 ; 3.5599999999999454 
2075 ; 1.9300000000000637 ; 4.1400000000001 
2080 ; 2.0799999999999272 ; 3.849999999999909 
2085 ; 3.1549999999999727 ; 3.494999999999891 
2090 ; 1.9200000000000728 ; 3.0150000000001 
2095 ; 2.2350000000001273 ; 4.100000000000136 
2100 ; 2.910000000000082 ; 2.994999999999891 
2105 ; 1.9649999999999181 ; 3.4549999999999272 
2110 ; 1.9099999999998545 ; 3.7050000000001546 
2115 ; 2.2899999999999636 ; 3.5449999999998454 
2120 ; 2.269999999999982 ; 3.0549999999998363 
2125 ; 3.0399999999999636 ; 3.6799999999998363 
2130 ; 2.0399999999999636 ; 3.564999999999827 
2135 ; 2.464999999999918 ; 5.009999999999991 
2140 ; 2.5599999999999454 ; 3.099999999999909 
2145 ; 2.269999999999982 ; 3.2799999999999727 
2150 ; 3.714999999999918 ; 4.514999999999873 
2155 ; 2.690000000000282 ; 3.7799999999999727 
2160 ; 3.3350000000002638 ; 3.7799999999999727 
2165 ; 2.1249999999997726 ; 3.339999999999918 
2170 ; 2.034999999999627 ; 4.154999999999973 
2175 ; 2.949999999999818 ; 3.125 
2180 ; 2.2100000000000364 ; 3.770000000000209 
2185 ; 2.5950000000000273 ; 3.8199999999999363 
2190 ; 2.4849999999996726 ; 3.4099999999998545 
2195 ; 2.1749999999999545 ; 4.625000000000227 
2200 ; 2.3199999999999363 ; 3.1549999999999727 
2205 ; 3.2950000000000728 ; 4.194999999999936 
2210 ; 3.0299999999997453 ; 3.3700000000001182 
2215 ; 2.1550000000002 ; 3.7049999999999272 
2220 ; 3.2899999999999636 ; 4.3599999999999 
2225 ; 2.1399999999998727 ; 3.7000000000000455 
2230 ; 2.3199999999999363 ; 4.385000000000218 
2235 ; 2.5799999999999272 ; 3.269999999999982 
2240 ; 2.324999999999818 ; 4.029999999999973 
2245 ; 4.2349999999999 ; 3.339999999999918 
2250 ; 3.574999999999818 ; 4.759999999999991 
2255 ; 3.3799999999998818 ; 3.480000000000018 
2260 ; 2.7100000000000364 ; 4.2999999999999545 
2265 ; 2.7049999999999272 ; 3.490000000000009 
2270 ; 2.269999999999982 ; 3.8799999999998818 
2275 ; 3.0799999999999272 ; 4.129999999999882 
2280 ; 2.2600000000002183 ; 3.824999999999818 
2285 ; 2.2650000000001 ; 3.949999999999818 
2290 ; 2.744999999999891 ; 3.3500000000001364 
2295 ; 2.4349999999999454 ; 3.8449999999998 
2300 ; 2.8599999999999 ; 4.559999999999945 
2305 ; 2.369999999999891 ; 4.5 
2310 ; 4.144999999999982 ; 4.2199999999998 
2315 ; 2.6900000000000546 ; 4.204999999999927 
2320 ; 3.0549999999998363 ; 5.175000000000182 
2325 ; 2.410000000000082 ; 3.8649999999997817 
2330 ; 2.4000000000003183 ; 4.694999999999936 
2335 ; 2.6949999999999363 ; 3.564999999999827 
2340 ; 3.1150000000002365 ; 5.569999999999709 
2345 ; 3.1499999999998636 ; 3.410000000000082 
2350 ; 3.0599999999999454 ; 4.350000000000136 
2355 ; 2.980000000000018 ; 3.4450000000001637 
2360 ; 2.7049999999999272 ; 3.7550000000003365 
2365 ; 4.269999999999982 ; 3.9149999999999636 
2370 ; 2.5599999999999454 ; 4.580000000000155 
2375 ; 4.345000000000027 ; 3.6000000000001364 
2380 ; 2.785000000000082 ; 4.389999999999873 
2385 ; 2.974999999999909 ; 3.589999999999918 
2390 ; 3.4099999999998545 ; 4.0499999999999545 
2395 ; 3.084999999999809 ; 3.740000000000009 
2400 ; 2.5799999999999272 ; 4.504999999999882 
2405 ; 4.8250000000000455 ; 3.990000000000009 
2410 ; 2.5049999999998818 ; 4.374999999999773 
2415 ; 3.400000000000091 ; 4.375 
2420 ; 2.540000000000191 ; 3.994999999999891 
2425 ; 3.6299999999998818 ; 4.139999999999873 
2430 ; 2.564999999999827 ; 3.814999999999827 
2435 ; 2.564999999999827 ; 5.819999999999936 
2440 ; 2.7100000000000364 ; 4.335000000000036 
2445 ; 2.9099999999998545 ; 5.980000000000018 
2450 ; 3.0850000000000364 ; 3.980000000000018 
2455 ; 2.9700000000000273 ; 5.315000000000055 
2460 ; 2.5950000000000273 ; 4.389999999999873 
2465 ; 2.650000000000091 ; 6.434999999999718 
2470 ; 2.7400000000002365 ; 4.014999999999873 
2475 ; 2.709999999999809 ; 6.104999999999791 
2480 ; 2.7200000000002547 ; 4.394999999999982 
2485 ; 2.7150000000001455 ; 4.9650000000001455 
2490 ; 2.6950000000001637 ; 4.664999999999509 
2495 ; 2.8799999999996544 ; 4.75 
2500 ; 2.699999999999818 ; 4.070000000000164 
2505 ; 3.099999999999909 ; 4.5 
2510 ; 2.8899999999998727 ; 3.8350000000000364 
2515 ; 3.725000000000364 ; 6.545000000000073 
2520 ; 3.0700000000001637 ; 4.674999999999727 
2525 ; 2.9400000000000546 ; 5.039999999999964 
2530 ; 2.7800000000002 ; 4.144999999999527 
2535 ; 3.4050000000002 ; 4.309999999999491 
2540 ; 2.9200000000000728 ; 4.779999999999745 
2545 ; 4.4050000000002 ; 4.914999999999964 
2550 ; 2.8399999999996908 ; 4.0600000000004 
2555 ; 3.8149999999996 ; 5.180000000000291 
2560 ; 2.8100000000004 ; 4.325000000000273 
2565 ; 3.880000000000109 ; 4.264999999999873 
2570 ; 3.0099999999997635 ; 4.700000000000273 
2575 ; 4.684999999999945 ; 4.230000000000018 
2580 ; 3.0149999999998727 ; 4.289999999999509 
2585 ; 5.135000000000218 ; 4.2599999999997635 
2590 ; 3.3849999999997635 ; 4.139999999999873 
2595 ; 3.649999999999636 ; 4.100000000000364 
2600 ; 3.4700000000002547 ; 4.744999999999891 
2605 ; 3.5700000000001637 ; 3.9099999999998545 
2610 ; 3.200000000000273 ; 4.454999999999927 
2615 ; 4.039999999999964 ; 4.029999999999745 
2620 ; 3.3150000000005093 ; 5.105000000000018 
2625 ; 3.5450000000005275 ; 4.585000000000036 
2630 ; 3.580000000000382 ; 6.429999999999836 
2635 ; 3.1900000000000546 ; 4.454999999999927 
2640 ; 3.075000000000273 ; 6.505000000000564 
2645 ; 3.1299999999996544 ; 4.710000000000036 
2650 ; 4.610000000000127 ; 4.4699999999998 
2655 ; 3.200000000000273 ; 4.394999999999527 
2660 ; 4.4699999999998 ; 4.210000000000036 
2665 ; 3.3099999999999454 ; 4.930000000000291 
2670 ; 4.144999999999982 ; 4.5450000000005275 
2675 ; 3.1599999999998545 ; 6.669999999999618 
2680 ; 3.1649999999999636 ; 4.585000000000036 
2685 ; 4.010000000000218 ; 4.6349999999997635 
2690 ; 3.1700000000000728 ; 4.570000000000164 
2695 ; 3.585000000000491 ; 5.144999999999982 
2700 ; 3.4700000000002547 ; 6.860000000000127 
2705 ; 3.730000000000018 ; 4.349999999999909 
2710 ; 4.005000000000109 ; 5.4699999999998 
2715 ; 3.225000000000364 ; 4.269999999999982 
2720 ; 3.5549999999998363 ; 6.619999999999891 
2725 ; 3.305000000000291 ; 4.835000000000036 
2730 ; 3.6700000000000728 ; 4.894999999999982 
2735 ; 3.4299999999998363 ; 4.8849999999997635 
2740 ; 4.505000000000109 ; 5.1550000000002 
2745 ; 3.6549999999997453 ; 5.510000000000218 
2750 ; 4.279999999999745 ; 4.169999999999618 
2755 ; 3.755000000000109 ; 5.434999999999945 
2760 ; 4.679999999999836 ; 6.350000000000364 
2765 ; 4.335000000000036 ; 5.174999999999727 
2770 ; 4.494999999999891 ; 5.779999999999745 
2775 ; 3.9450000000001637 ; 4.699999999999363 
2780 ; 4.1550000000002 ; 5.375 
2785 ; 3.4399999999996 ; 4.710000000000036 
2790 ; 4.9699999999998 ; 4.764999999999873 
2795 ; 3.8799999999996544 ; 4.895000000000437 
2800 ; 4.040000000000418 ; 4.220000000000255 
2805 ; 3.9399999999996 ; 5.260000000000218 
2810 ; 3.5950000000002547 ; 4.944999999999709 
2815 ; 4.455000000000382 ; 5.4099999999998545 
2820 ; 3.899999999999636 ; 4.985000000000127 
2825 ; 4.764999999999873 ; 4.610000000000127 
2830 ; 3.8100000000004 ; 5.200000000000273 
2835 ; 3.9400000000000546 ; 4.584999999999582 
2840 ; 3.625 ; 7.970000000000255 
2845 ; 5.739999999999782 ; 7.2599999999997635 
2850 ; 3.550000000000182 ; 4.730000000000018 
2855 ; 4.014999999999873 ; 4.940000000000055 
2860 ; 3.6100000000001273 ; 4.940000000000055 
2865 ; 4.635000000000218 ; 4.515000000000327 
2870 ; 4.149999999999636 ; 5.425000000000182 
2875 ; 4.514999999999873 ; 4.785000000000309 
2880 ; 4.525000000000091 ; 5.320000000000164 
2885 ; 3.574999999999818 ; 4.820000000000164 
2890 ; 4.504999999999654 ; 4.7800000000002 
2895 ; 3.924999999999727 ; 5.525000000000091 
2900 ; 4.525000000000091 ; 4.519999999999982 
2905 ; 4.394999999999982 ; 5.594999999999345 
2910 ; 3.775000000000091 ; 4.7400000000002365 
2915 ; 4.769999999999982 ; 5.5949999999998 
2920 ; 4.110000000000127 ; 5.0349999999998545 
2925 ; 4.570000000000164 ; 4.514999999999873 
2930 ; 4.379999999999654 ; 5.799999999999727 
2935 ; 3.7649999999998727 ; 5.0099999999997635 
2940 ; 4.505000000000109 ; 5.050000000000182 
2945 ; 3.9700000000002547 ; 5.8149999999996 
2950 ; 4.649999999999636 ; 5.085000000000491 
2955 ; 7.789999999999964 ; 4.629999999999654 
2960 ; 4.0300000000002 ; 5.699999999999818 
2965 ; 4.269999999999982 ; 4.900000000000091 
2970 ; 4.0099999999997635 ; 5.915000000000418 
2975 ; 3.8599999999996726 ; 5.0949999999998 
2980 ; 4.764999999999873 ; 4.580000000000382 
2985 ; 4.019999999999982 ; 5.8849999999997635 
2990 ; 4.300000000000182 ; 4.934999999999945 
2995 ; 4.474999999999909 ; 5.045000000000073 
3000 ; 3.9850000000001273 ; 5.139999999999873 
3005 ; 4.654999999999745 ; 4.7599999999997635 
3010 ; 4.2199999999998 ; 5.654999999999745 
3015 ; 4.119999999999891 ; 4.950000000000273 
3020 ; 5.305000000000291 ; 5.950000000000273 
3025 ; 3.9650000000001455 ; 5.130000000000109 
3030 ; 4 ; 4.630000000000109 
3035 ; 7.670000000000073 ; 6.684999999999945 
3040 ; 5.710000000000036 ; 7.485000000000127 
3045 ; 4.3849999999997635 ; 9.519999999999982 
3050 ; 4.5300000000002 ; 5.315000000000055 
3055 ; 5.440000000000055 ; 5.3849999999997635 
3060 ; 4.985000000000127 ; 7.269999999999982 
3065 ; 4.150000000000091 ; 5.274999999999636 
3070 ; 6.5 ; 4.849999999999454 
3075 ; 5.039999999999964 ; 6.024999999999636 
3080 ; 4.114999999999782 ; 5.394999999999982 
3085 ; 5.599999999999909 ; 4.894999999999982 
3090 ; 4.494999999999891 ; 7.075000000000273 
3095 ; 4.489999999999327 ; 5.2599999999997635 
3100 ; 6.700000000000273 ; 4.755000000000109 
3105 ; 5.3849999999997635 ; 7.764999999999873 
3110 ; 4.809999999999945 ; 6.829999999999927 
3115 ; 4.670000000000073 ; 6.000000000000455 
3120 ; 7.3650000000002365 ; 5.575000000000273 
3125 ; 5.875 ; 6.309999999999945 
3130 ; 5.014999999999873 ; 8.709999999999582 
3135 ; 5.114999999999782 ; 8.715000000000146 
3140 ; 4.639999999999418 ; 5.674999999999727 
3145 ; 6.300000000000182 ; 5.929999999999836 
3150 ; 6.549999999999727 ; 5.815000000000055 
3155 ; 4.949999999999818 ; 7.745000000000346 
3160 ; 7.195000000000164 ; 8.754999999999654 
3165 ; 5.140000000000327 ; 8.664999999999964 
3170 ; 4.860000000000127 ; 8.570000000000164 
3175 ; 4.994999999999436 ; 5.630000000000109 
3180 ; 6.914999999999964 ; 5.299999999999727 
3185 ; 5.2800000000002 ; 7.389999999999873 
3190 ; 4.739999999999782 ; 9.095000000000255 
3195 ; 4.950000000000273 ; 8.225000000000364 
3200 ; 5.994999999999891 ; 7.0099999999997635 
3205 ; 7.3149999999996 ; 8.509999999999764 
3210 ; 6.005000000000109 ; 6.079999999999927 
3215 ; 7.565000000000055 ; 5.7400000000002365 
3220 ; 6.595000000000255 ; 5.8400000000001455 
3225 ; 5.459999999999582 ; 8.584999999999582 
3230 ; 5.1150000000002365 ; 8.549999999999727 
3235 ; 4.925000000000182 ; 8.36999999999989 
3240 ; 5.494999999999891 ; 8.025000000000546 
3245 ; 6.9650000000001455 ; 5.974999999999454 
3250 ; 7.420000000000073 ; 6.2150000000001455 
3255 ; 6.430000000000291 ; 6.0349999999994 
3260 ; 5.5949999999998 ; 9.179999999999382 
3265 ; 5.9050000000002 ; 8.679999999999836 
3270 ; 5.8400000000001455 ; 12.075000000000273 
3275 ; 10 ; 8.179999999999836 
3280 ; 7.7849999999998545 ; 5.8149999999996 
3285 ; 6.394999999999982 ; 6.0349999999998545 
3290 ; 5.129999999999654 ; 7.515000000000327 
3295 ; 5.5900000000001455 ; 8.020000000000437 
3300 ; 5.085000000000036 ; 10.664999999999964 
3305 ; 5.039999999999964 ; 8.289999999999964 
3310 ; 5.970000000000255 ; 9.395000000000437 
3315 ; 5.734999999999673 ; 6.695000000000164 
3320 ; 6.4650000000001455 ; 6.045000000000073 
3325 ; 7.440000000000055 ; 6.434999999999945 
3330 ; 8.55999999999949 ; 6.730000000000018 
3335 ; 6.920000000000073 ; 5.744999999999891 
3340 ; 6.7150000000001455 ; 6.440000000000055 
3345 ; 5.4399999999996 ; 8.074999999999818 
3350 ; 5.184999999999945 ; 8.065000000000055 
3355 ; 5.359999999999673 ; 6.2150000000001455 
3360 ; 8.514999999999873 ; 5.430000000000291 
3365 ; 7.760000000000218 ; 5.934999999999945 
3370 ; 7.050000000000182 ; 7.480000000000018 
3375 ; 5.575000000000273 ; 9.024999999999636 
3380 ; 4.889999999999418 ; 8.735000000000582 
3385 ; 6.369999999998981 ; 10.830000000000837 
3390 ; 5.265000000000327 ; 8.854999999999563 
3395 ; 5.295000000000073 ; 8.704999999999927 
3400 ; 5.785000000000764 ; 7.914999999999964 
3405 ; 7.289999999999964 ; 7.019999999999527 
3410 ; 6.494999999998981 ; 5.395000000000437 
3415 ; 7.1899999999996 ; 6.135000000000218 
3420 ; 6.925000000000182 ; 6.790000000000873 
3425 ; 6.535000000000764 ; 7.575000000000728 
3430 ; 5.029999999999745 ; 9.929999999999382 
3435 ; 5.110000000000582 ; 9.285000000000764 
3440 ; 5.210000000000036 ; 8.225000000000364 
3445 ; 5.545000000000073 ; 7.079999999999018 
3450 ; 6.309999999999491 ; 5.420000000000073 
3455 ; 7.365000000000691 ; 6.315000000000509 
3460 ; 6.640000000000327 ; 7.230000000000473 
3465 ; 5.890000000000327 ; 8.739999999999782 
3470 ; 5.199999999998909 ; 9.61999999999989 
3475 ; 5.199999999999818 ; 8.365000000000691 
3480 ; 5.7150000000001455 ; 6.940000000000509 
3485 ; 6.1899999999996 ; 5.489999999999782 
3490 ; 6.680000000000291 ; 5.884999999999309 
3495 ; 5.9650000000001455 ; 6.819999999999709 
3500 ; 5.355000000000473 ; 6.795000000000982 
3505 ; 5.765000000000327 ; 6.260000000000218 
3510 ; 6.605000000000473 ; 8.714999999999236 
3515 ; 7.354999999999563 ; 5.5549999999993815 
3520 ; 6.579999999999927 ; 5.525000000000546 
3525 ; 6.849999999999454 ; 7.93500000000131 
3530 ; 5.325000000000728 ; 7.4350000000004 
3535 ; 5.4999999999990905 ; 7.979999999999563 
3540 ; 10.425000000000182 ; 9.729999999998654 
3545 ; 5.315000000000509 ; 9.640000000000327 
3550 ; 5.684999999999491 ; 7.984999999999673 
3555 ; 6.019999999999527 ; 7.0600000000004 
3560 ; 6.635000000000218 ; 6.069999999999709 
3565 ; 8.180000000000291 ; 5.5900000000001455 
3570 ; 9.045000000000073 ; 6.605000000000473 
3575 ; 10.13000000000011 ; 7.440000000000509 
3580 ; 8.769999999999527 ; 6.710000000000036 
3585 ; 9.770000000000437 ; 5.854999999999563 
3590 ; 8.430000000000291 ; 6.839999999999236 
3595 ; 9.404999999999745 ; 6.5649999999996 
3600 ; 8.034999999999854 ; 7.164999999999964 
3605 ; 10.595000000000255 ; 7.460000000000036 
3610 ; 14.104999999999563 ; 14.25 
3615 ; 5.924999999999272 ; 10.154999999999745 
3620 ; 5.869999999999891 ; 9.095000000000255 
3625 ; 5.835000000000946 ; 8.654999999999745 
3630 ; 5.979999999999563 ; 9.100000000000364 
3635 ; 9.225000000000364 ; 7.515000000000327 
3640 ; 8.649999999999636 ; 7.069999999999709 
3645 ; 9.775000000000546 ; 6.875 
3650 ; 9.525000000000546 ; 6.649999999999636 
3655 ; 10.4350000000004 ; 6.2150000000001455 
3660 ; 8.960000000000036 ; 6.534999999998945 
3665 ; 9.99499999999989 ; 7.045000000000073 
3670 ; 9.195000000000618 ; 6.175000000001091 
3675 ; 8.88000000000011 ; 6.880000000000109 
3680 ; 10.080000000000837 ; 7.295000000000073 
3685 ; 11.284999999999854 ; 8.659999999999854 
3690 ; 7.599999999999454 ; 9.88000000000011 
3695 ; 7.25 ; 9.114999999999782 
3700 ; 8.675000000000182 ; 12.420000000000073 
3705 ; 8.789999999999964 ; 6.824999999999818 
3710 ; 8.86999999999989 ; 7.869999999999891 
3715 ; 8.68499999999949 ; 6.809999999999491 
3720 ; 9.275000000000546 ; 7.7450000000008 
3725 ; 8.7549999999992 ; 6.970000000000255 
3730 ; 9.875 ; 7.005000000001019 
3735 ; 7.420000000000982 ; 7.079999999999927 
3740 ; 6.905000000000655 ; 7.484999999999673 
3745 ; 7.114999999999782 ; 7.095000000001164 
3750 ; 6.294999999999163 ; 8.739999999999782 
3755 ; 6.229999999999563 ; 7.619999999999891 
3760 ; 6.130000000001019 ; 8.114999999999782 
3765 ; 6.7150000000001455 ; 6.994999999999891 
3770 ; 6.5649999999996 ; 6.270000000000437 
3775 ; 8.24499999999989 ; 6.164999999999964 
3780 ; 8.8149999999996 ; 6.230000000000473 
3785 ; 8.0649999999996 ; 6.319999999999709 
3790 ; 8.349999999999454 ; 6.954999999999927 
3795 ; 8.040000000000873 ; 6.700000000000728 
3800 ; 6.9450000000006185 ; 8.139999999999418 
3805 ; 6.420000000000982 ; 7.639999999999418 
3810 ; 6.355000000000473 ; 7.920000000000073 
3815 ; 6.3149999999996 ; 7.594999999999345 
3820 ; 7.100000000000364 ; 8.204999999999927 
3825 ; 7.030000000000655 ; 7.380000000000109 
3830 ; 7.525000000000546 ; 8.590000000000146 
3835 ; 7.420000000000073 ; 8.279999999998836 
3840 ; 13.145000000000437 ; 10.529999999999745 
3845 ; 7.725000000001273 ; 7.819999999999709 
3850 ; 7.584999999999127 ; 8.380000000001019 
3855 ; 8.105000000000473 ; 6.975000000000364 
3860 ; 6.764999999999418 ; 9.045000000000073 
3865 ; 6.630000000001019 ; 8.894999999999527 
3870 ; 8.4399999999996 ; 7.220000000000255 
3875 ; 7.364999999999782 ; 8.080000000000837 
3880 ; 6.565000000000509 ; 8.279999999999745 
3885 ; 6.5700000000006185 ; 9.274999999999636 
3890 ; 6.555000000000291 ; 10.340000000000146 
3895 ; 6.889999999999418 ; 10.975000000000364 
3900 ; 9.849999999999454 ; 10.56500000000051 
3905 ; 10.50500000000011 ; 7 
3910 ; 9.145000000000437 ; 12.954999999999018 
3915 ; 11.480000000000473 ; 8.154999999999745 
3920 ; 10.734999999999673 ; 6.514999999999418 
3925 ; 11.385000000000218 ; 6.290000000000873 
3930 ; 10.864999999999782 ; 9.445000000000618 
3935 ; 8.390000000000327 ; 11.779999999999745 
3940 ; 8.019999999999527 ; 10.649999999999636 
3945 ; 11.099999999999454 ; 7.364999999999782 
3950 ; 11.00500000000011 ; 7.430000000000291 
3955 ; 8.864999999999782 ; 11.215000000000146 
3960 ; 9.475000000000364 ; 9.525000000000546 
3965 ; 9.199999999999818 ; 8.3149999999996 
3970 ; 9.609999999999673 ; 6.9299999999993815 
3975 ; 11.014999999999418 ; 6.329999999999927 
3980 ; 11.99499999999989 ; 9.910000000000764 
3985 ; 8.694999999999709 ; 12.305000000000291 
3990 ; 8.429999999999382 ; 8.534999999999854 
3995 ; 9.949999999999818 ; 7.525000000000546 
4000 ; 17.675000000000182 ; 12.460000000000036 
4005 ; 7.934999999999491 ; 9.605000000000473 
4010 ; 10.010000000000218 ; 7.420000000000073 
4015 ; 11.079999999999927 ; 6.510000000001128 
4020 ; 10.645000000000437 ; 6.5 
4025 ; 9.069999999999709 ; 8.099999999999454 
4030 ; 8.099999999999454 ; 9.520000000000437 
4035 ; 7.1799999999993815 ; 10.134999999999309 
4040 ; 6.970000000000255 ; 11.204999999999927 
4045 ; 9.469999999999345 ; 7.739999999999782 
4050 ; 9.734999999999673 ; 7.4099999999998545 
4055 ; 10.515000000001237 ; 6.6249999999990905 
4060 ; 10.43499999999949 ; 6.835000000000946 
4065 ; 11.614999999999782 ; 9.199999999999818 
4070 ; 8.079999999999018 ; 10.355000000000473 
4075 ; 7.255000000000109 ; 9.155000000000655 
4080 ; 7.260000000000218 ; 9.679999999999382 
4085 ; 8.05999999999949 ; 8.670000000000982 
4090 ; 8.930000000000291 ; 8.234999999999673 
4095 ; 9.549999999999272 ; 7.1899999999996 
4100 ; 10.180000000000291 ; 8.914999999999964 
4105 ; 10.524999999998727 ; 7.065000000000509 
4110 ; 8.770000000000437 ; 6.584999999999127 
4115 ; 9.529999999999745 ; 11.87499999999909 
4120 ; 8.25500000000011 ; 9.854999999999563 
4125 ; 8.959999999999127 ; 23.610000000000582 
4130 ; 27.795000000000073 ; 11.164999999999964 
4135 ; 11.400000000000546 ; 8.864999999999782 
4140 ; 9.419999999999163 ; 8.779999999999745 
4145 ; 10.979999999999563 ; 9.524999999999636 
4150 ; 16.269999999999527 ; 11.784999999999854 
4155 ; 10.055000000000291 ; 7.599999999999454 
4160 ; 8.669999999999163 ; 6.979999999999563 
4165 ; 12.784999999999854 ; 7.365000000000691 
4170 ; 8.424999999999272 ; 6.9399999999996 
4175 ; 7.704999999999927 ; 7.305000000000291 
4180 ; 8.36999999999989 ; 6.710000000000036 
4185 ; 7.9950000000008 ; 6.989999999999782 
4190 ; 7.855000000000473 ; 6.735000000000582 
4195 ; 7.744999999999891 ; 6.979999999999563 
4200 ; 7.514999999999418 ; 7.985000000000582 
4205 ; 8.269999999999527 ; 8.38000000000011 
4210 ; 7.659999999998945 ; 7.925000000000182 
4215 ; 7.875 ; 9.11999999999989 
4220 ; 7.8100000000004 ; 8.610000000000582 
4225 ; 7.744999999999891 ; 8.284999999999854 
4230 ; 8.139999999999418 ; 9.369999999998981 
4235 ; 9.25000000000091 ; 7.055000000000291 
4240 ; 9.170000000000073 ; 7.280000000000655 
4245 ; 13.180000000000291 ; 7.164999999999964 
4250 ; 8.609999999999673 ; 7.6200000000008 
4255 ; 9.359999999999673 ; 7.3400000000001455 
4260 ; 10.009999999999309 ; 7.529999999999745 
4265 ; 8.640000000000327 ; 8.984999999999673 
4270 ; 8 ; 9.460000000000036 
4275 ; 8.089999999999236 ; 8.510000000000218 
4280 ; 8.244999999998981 ; 8.4950000000008 
4285 ; 8.204999999999927 ; 11.93499999999949 
4290 ; 12.655000000000655 ; 7.705000000000837 
4295 ; 12.464999999999236 ; 10.849999999999454 
4300 ; 9.050000000000182 ; 11.444999999999709 
4305 ; 12.61999999999989 ; 7.989999999998872 
4310 ; 13.329999999999927 ; 10.269999999999527 
4315 ; 8.675000000000182 ; 12.920000000000073 
4320 ; 10.229999999999563 ; 8.334999999999127 
4325 ; 10.469999999999345 ; 7.550000000000182 
4330 ; 8.194999999999709 ; 8.039999999999964 
4335 ; 8.25500000000011 ; 7.880000000000109 
4340 ; 8.170000000000073 ; 7.809999999999491 
4345 ; 8.164999999999964 ; 7.419999999999163 
4350 ; 8.49999999999909 ; 7.290000000000873 
4355 ; 8.674999999999272 ; 7.485000000000582 
4360 ; 8.144999999999527 ; 8.420000000000073 
4365 ; 8.68499999999949 ; 7.615000000000691 
4370 ; 8.425000000000182 ; 8.359999999999673 
4375 ; 8.50500000000011 ; 8.840000000000146 
4380 ; 8.354999999999563 ; 8.200000000000728 
4385 ; 8.340000000001055 ; 7.854999999999563 
4390 ; 8.715000000000146 ; 8.510000000000218 
4395 ; 8.290000000000873 ; 7.829999999999927 
4400 ; 10.774999999999636 ; 7.109999999999673 
4405 ; 9.1299999999992 ; 7.720000000000255 
4410 ; 8.614999999999782 ; 7.295000000000073 
4415 ; 8.454999999999927 ; 7.324999999999818 
4420 ; 8.469999999999345 ; 7.8149999999996 
4425 ; 8.649999999998727 ; 8.3700000000008 
4430 ; 8.654999999999745 ; 7.135000000000218 
4435 ; 9.215000000000146 ; 7.355000000000473 
4440 ; 8.759999999999309 ; 7.584999999999127 
4445 ; 8.599999999999454 ; 7.900000000000546 
4450 ; 10.024999999999636 ; 9.349999999999454 
4455 ; 12.710000000000036 ; 7.775000000000546 
4460 ; 8.525000000000546 ; 7.484999999999673 
4465 ; 8.619999999998981 ; 8.8199999999988 
4470 ; 8.5600000000004 ; 9.00500000000011 
4475 ; 8.914999999999964 ; 8.854999999999563 
4480 ; 8.655000000000655 ; 7.640000000000327 
4485 ; 8.885000000000218 ; 7.850000000000364 
4490 ; 9.194999999999709 ; 8.0049999999992 
4495 ; 8.715000000000146 ; 7.890000000001237 
4500 ; 8.845000000000255 ; 8.06500000000051 
4505 ; 9.359999999999673 ; 7.270000000000437 
4510 ; 9.350000000001273 ; 7.350000000000364 
4515 ; 9.1299999999992 ; 7.340000000001055 
4520 ; 12.580000000001746 ; 7.550000000000182 
4525 ; 9.0649999999996 ; 8.030000000001564 
4530 ; 9.365000000000691 ; 7.4650000000001455 
4535 ; 9.269999999998618 ; 8.385000000000218 
4540 ; 8.914999999999964 ; 7.530000000001564 
4545 ; 9.489999999999782 ; 7.790000000000873 
4550 ; 10.899999999999636 ; 11.624999999998181 
4555 ; 9.204999999999927 ; 7.450000000000728 
4560 ; 9.93499999999949 ; 7.469999999999345 
4565 ; 9.424999999999272 ; 7.454999999999927 
4570 ; 10.014999999999418 ; 7.5 
4575 ; 9.4950000000008 ; 7.75 
4580 ; 9.25 ; 7.809999999999491 
4585 ; 9.524999999999636 ; 9.43499999999949 
4590 ; 9.155000000000655 ; 7.705000000001746 
4595 ; 9.159999999998035 ; 9.55500000000211 
4600 ; 8.93499999999949 ; 7.81999999999789 
4605 ; 9.055000000000291 ; 8.280000000000655 
4610 ; 9.535000000001673 ; 8.1299999999992 
4615 ; 9.800000000001091 ; 7.444999999999709 
4620 ; 9.7549999999992 ; 7.545000000000073 
4625 ; 9.215000000001965 ; 7.56499999999869 
4630 ; 10.094999999999345 ; 7.7849999999998545 
4635 ; 9.349999999998545 ; 8.324999999998909 
4640 ; 9.539999999999054 ; 7.800000000001091 
4645 ; 9.350000000000364 ; 7.860000000000582 
4650 ; 9.899999999999636 ; 7.914999999999054 
4655 ; 9.229999999999563 ; 8.619999999998981 
4660 ; 9.5 ; 8.43500000000131 
4665 ; 9.449999999998909 ; 8.045000000000073 
4670 ; 9.93500000000131 ; 7.645000000000437 
4675 ; 9.56999999999789 ; 7.770000000000437 
4680 ; 10.104999999999563 ; 9.644999999998618 
4685 ; 10.144999999998618 ; 8.280000000000655 
4690 ; 9.805000000000291 ; 8.074999999998909 
4695 ; 9.420000000000073 ; 9.284999999999854 
4700 ; 10.389999999999418 ; 9.295000000000073 
4705 ; 10.674999999997453 ; 7.75 
4710 ; 10.735000000000582 ; 7.975000000000364 
4715 ; 10.135000000000218 ; 8.219999999999345 
4720 ; 10.325000000000728 ; 7.905000000000655 
4725 ; 9.954999999999927 ; 7.985000000000582 
4730 ; 9.704999999998108 ; 8.285000000001673 
4735 ; 11.454999999998108 ; 8.974999999998545 
4740 ; 9.680000000000291 ; 8.510000000000218 
4745 ; 10.364999999999782 ; 7.799999999999272 
4750 ; 9.864999999997963 ; 7.799999999999272 
4755 ; 9.94000000000051 ; 7.885000000002037 
4760 ; 10.670000000000073 ; 8.2549999999992 
4765 ; 9.574999999998909 ; 9.050000000001091 
4770 ; 9.930000000000291 ; 7.985000000000582 
4775 ; 10.034999999999854 ; 8.225000000002183 
4780 ; 10.7599999999984 ; 8.069999999999709 
4785 ; 9.930000000000291 ; 10.839999999998327 
4790 ; 13.534999999999854 ; 9.139999999999418 
4795 ; 10.244999999998981 ; 8.264999999999418 
4800 ; 10.514999999999418 ; 8.389999999999418 
4805 ; 10.724999999998545 ; 8.160000000001673 
4810 ; 11.06499999999869 ; 9.055000000000291 
4815 ; 9.864999999999782 ; 8.425000000001091 
4820 ; 10.110000000000582 ; 8.295000000000073 
4825 ; 10.700000000000728 ; 8.160000000001673 
4830 ; 10.510000000000218 ; 8.43500000000131 
4835 ; 10.360000000000582 ; 8.430000000000291 
4840 ; 10.580000000001746 ; 8.619999999998981 
4845 ; 10.154999999998836 ; 8.514999999999418 
4850 ; 10.44499999999789 ; 8.545000000001892 
4855 ; 10.255000000001019 ; 8.195000000001528 
4860 ; 10.5049999999992 ; 7.994999999998981 
4865 ; 10.329999999999927 ; 8.855000000001382 
4870 ; 10.200000000000728 ; 8.395000000000437 
4875 ; 11.025000000001455 ; 8.285000000001673 
4880 ; 10.329999999999927 ; 8.694999999999709 
4885 ; 10.410000000001673 ; 8.030000000000655 
4890 ; 10.534999999998035 ; 8.279999999998836 
4895 ; 10.484999999998763 ; 8.235000000000582 
4900 ; 11.719999999997526 ; 8.795000000000073 
4905 ; 10.539999999999054 ; 8.599999999998545 
4910 ; 10.369999999998981 ; 8.55999999999949 
4915 ; 10.614999999999782 ; 8.374999999998181 
4920 ; 10.639999999999418 ; 8.074999999998909 
4925 ; 11.010000000000218 ; 8.910000000001673 
4930 ; 10.4900000000016 ; 8.43500000000131 
4935 ; 11.020000000000437 ; 8.140000000001237 
4940 ; 11.170000000000073 ; 8.334999999999127 
4945 ; 11.664999999999054 ; 8.454999999999927 
4950 ; 10.469999999999345 ; 8.899999999999636 
4955 ; 10.854999999999563 ; 8.414999999999054 
4960 ; 11.7400000000016 ; 8.1299999999992 
4965 ; 10.705000000001746 ; 9.319999999999709 
4970 ; 11.234999999998763 ; 9.359999999998763 
4975 ; 10.785000000001673 ; 9.010000000000218 
4980 ; 11.375 ; 8.260000000000218 
4985 ; 11.350000000000364 ; 8.340000000000146 
4990 ; 11.119999999998981 ; 9.75 
4995 ; 11.524999999997817 ; 11.270000000000437 
5000 ; 11.020000000000437 ; 8.225000000000364 
5005 ; 11.219999999999345 ; 8.265000000001237 
5010 ; 11.924999999999272 ; 8.819999999999709 
5015 ; 10.864999999999782 ; 11.270000000000437 
5020 ; 11.1349999999984 ; 8.350000000000364 
5025 ; 18.790000000000873 ; 10.195000000001528 
5030 ; 23.594999999999345 ; 20.039999999999054 
5035 ; 16.795000000000073 ; 16.2599999999984 
5040 ; 23.479999999999563 ; 14.7549999999992 
5045 ; 21.6299999999992 ; 8.519999999998618 
5050 ; 11.719999999999345 ; 8.475000000002183 
5055 ; 13.069999999999709 ; 8.970000000001164 
5060 ; 11.069999999999709 ; 9.304999999998472 
5065 ; 11.359999999998763 ; 12.959999999999127 
5070 ; 11.18499999999949 ; 9.524999999999636 
5075 ; 12.554999999998472 ; 8.905000000000655 
5080 ; 13.295000000000073 ; 9.175000000001091 
5085 ; 11.05999999999949 ; 9.410000000001673 
5090 ; 12.020000000000437 ; 8.325000000000728 
5095 ; 11.110000000000582 ; 8.805000000000291 
5100 ; 11.380000000001019 ; 10.854999999999563 
5105 ; 11.469999999999345 ; 10.07499999999709 
5110 ; 11.735000000000582 ; 9.375 
5115 ; 11.93000000000211 ; 8.594999999999345 
5120 ; 11.75 ; 9.174999999999272 
5125 ; 12.0099999999984 ; 8.8650000000016 
5130 ; 11.450000000000728 ; 8.854999999999563 
5135 ; 12.184999999997672 ; 11.56500000000051 
5140 ; 11.855000000001382 ; 9.145000000000437 
5145 ; 12.174999999999272 ; 9.2450000000008 
5150 ; 11.510000000000218 ; 9.140000000001237 
5155 ; 12.479999999999563 ; 8.489999999999782 
5160 ; 11.769999999998618 ; 8.545000000000073 
5165 ; 11.679999999998472 ; 9.465000000000146 
5170 ; 11.31499999999869 ; 9.034999999998035 
5175 ; 12.635000000002037 ; 8.580000000001746 
5180 ; 11.460000000002765 ; 9.724999999998545 
5185 ; 11.505000000002838 ; 8.779999999998836 
5190 ; 13.2549999999992 ; 8.55999999999949 
5195 ; 11.799999999999272 ; 8.659999999998035 
5200 ; 12.090000000000146 ; 9.574999999998909 
5205 ; 11.93000000000211 ; 8.984999999998763 
5210 ; 12.360000000000582 ; 8.850000000000364 
5215 ; 18.975000000002183 ; 10.114999999999782 
5220 ; 11.93999999999869 ; 8.999999999998181 
5225 ; 11.7400000000016 ; 9.075000000000728 
5230 ; 12.035000000001673 ; 8.654999999998836 
5235 ; 12.480000000001382 ; 8.704999999999927 
5240 ; 16.225000000000364 ; 10.860000000000582 
5245 ; 15.960000000002765 ; 10.440000000002328 
5250 ; 12.244999999998981 ; 9.7400000000016 
5255 ; 12.659999999999854 ; 8.755000000001019 
5260 ; 11.81500000000051 ; 9.325000000000728 
5265 ; 12.270000000002256 ; 9.260000000000218 
5270 ; 12.19000000000051 ; 8.75 
5275 ; 12.260000000000218 ; 9.44000000000051 
5280 ; 12.024999999999636 ; 9.670000000000073 
5285 ; 12.354999999997744 ; 12.734999999998763 
5290 ; 12.55999999999949 ; 9.965000000001965 
5295 ; 12.909999999999854 ; 9.034999999998035 
5300 ; 13.784999999998035 ; 9.25 
5305 ; 12.079999999999927 ; 9.030000000000655 
5310 ; 12.6299999999992 ; 13.530000000000655 
5315 ; 13.235000000000582 ; 9.954999999999927 
5320 ; 12.81499999999869 ; 8.8799999999992 
5325 ; 12.709999999997308 ; 10.354999999999563 
5330 ; 12.55500000000211 ; 8.8700000000008 
5335 ; 12.395000000002256 ; 9.015000000001237 
5340 ; 15.06500000000051 ; 14.579999999999927 
5345 ; 12.785000000001673 ; 10.790000000000873 
5350 ; 12.69499999999789 ; 8.954999999999927 
5355 ; 12.6200000000008 ; 8.944999999999709 
5360 ; 13.614999999999782 ; 9.844999999999345 
5365 ; 13.31000000000131 ; 8.930000000000291 
5370 ; 12.594999999999345 ; 10.06499999999869 
5375 ; 14.825000000000728 ; 11.619999999998981 
5380 ; 12.709999999999127 ; 9.6299999999992 
5385 ; 12.890000000001237 ; 10.119999999998981 
5390 ; 13.260000000002037 ; 9.869999999998981 
5395 ; 12.094999999997526 ; 12.9950000000008 
5400 ; 12.854999999999563 ; 10.954999999999927 
5405 ; 12.530000000000655 ; 9.454999999998108 
5410 ; 13.139999999999418 ; 9.180000000000291 
5415 ; 17.024999999999636 ; 10.139999999999418 
5420 ; 13.079999999999927 ; 9.859999999998763 
5425 ; 13.159999999999854 ; 9.469999999999345 
5430 ; 20.450000000000728 ; 14.045000000000073 
5435 ; 13.994999999998981 ; 9.329999999999927 
5440 ; 13.130000000001019 ; 9.2549999999992 
5445 ; 16.94999999999891 ; 10.210000000000946 
5450 ; 16.579999999999927 ; 9.720000000001164 
5455 ; 12.854999999997744 ; 9.475000000000364 
5460 ; 12.674999999999272 ; 14.930000000000291 
5465 ; 13.145000000000437 ; 10.739999999999782 
5470 ; 14.005000000001019 ; 9.510000000000218 
5475 ; 16.525000000001455 ; 10.854999999999563 
5480 ; 13.440000000002328 ; 9.540000000000873 
5485 ; 13.68499999999949 ; 9.655000000000655 
5490 ; 13.05999999999949 ; 9.405000000000655 
5495 ; 13.4950000000008 ; 9.799999999999272 
5500 ; 13.06499999999869 ; 9.805000000000291 
5505 ; 17.5 ; 11.599999999998545 
5510 ; 13.780000000000655 ; 14.505000000001019 
5515 ; 16.014999999999418 ; 9.899999999999636 
5520 ; 13.325000000000728 ; 9.989999999999782 
5525 ; 13.170000000000073 ; 10.56499999999869 
5530 ; 13.510000000000218 ; 9.544999999998254 
5535 ; 13.139999999999418 ; 9.779999999998836 
5540 ; 14.469999999999345 ; 12.359999999998763 
5545 ; 15.344999999999345 ; 9.764999999999418 
5550 ; 14.034999999999854 ; 10.299999999999272 
5555 ; 13.270000000000437 ; 9.770000000000437 
5560 ; 14.020000000000437 ; 9.755000000001019 
5565 ; 13.975000000000364 ; 9.735000000000582 
5570 ; 13.694999999999709 ; 9.594999999999345 
5575 ; 13.950000000000728 ; 9.969999999999345 
5580 ; 15.2549999999992 ; 11.875 
5585 ; 13.944999999999709 ; 10.225000000000364 
5590 ; 13.530000000000655 ; 15.139999999999418 
5595 ; 16.099999999998545 ; 9.580000000001746 
5600 ; 13.5 ; 10.174999999997453 
5605 ; 14.484999999998763 ; 9.795000000000073 
5610 ; 13.774999999999636 ; 9.994999999998981 
5615 ; 13.594999999999345 ; 9.850000000000364 
5620 ; 17.06000000000131 ; 9.965000000000146 
5625 ; 14.239999999997963 ; 11.454999999999927 
5630 ; 14.174999999999272 ; 10.104999999999563 
5635 ; 14.094999999999345 ; 10.18499999999949 
5640 ; 14.18500000000131 ; 16.230000000001382 
5645 ; 20.045000000000073 ; 11.175000000001091 
5650 ; 15.014999999999418 ; 11.829999999999927 
5655 ; 16.73999999999978 ; 10.585000000000946 
5660 ; 14.405000000000655 ; 9.610000000000582 
5665 ; 14.300000000001091 ; 10.024999999999636 
5670 ; 14.255000000001019 ; 15.539999999999054 
5675 ; 14.640000000001237 ; 10.534999999999854 
5680 ; 16.164999999999054 ; 11.209999999999127 
5685 ; 14.804999999998472 ; 11.174999999999272 
5690 ; 15.3650000000016 ; 9.665000000000873 
5695 ; 14.205000000001746 ; 10.180000000000291 
5700 ; 14.454999999999927 ; 9.854999999999563 
5705 ; 14.605000000001382 ; 11.2400000000016 
5710 ; 14.355000000001382 ; 9.614999999999782 
5715 ; 14.404999999998836 ; 9.875 
5720 ; 14.860000000000582 ; 9.639999999999418 
5725 ; 14.44999999999709 ; 9.904999999998836 
5730 ; 19.25000000000182 ; 10.290000000000873 
5735 ; 14.3700000000008 ; 10.085000000000946 
5740 ; 15.069999999999709 ; 10.204999999999927 
5745 ; 14.920000000000073 ; 9.715000000000146 
5750 ; 14.915000000000873 ; 10.3700000000008 
5755 ; 15.340000000000146 ; 9.709999999999127 
5760 ; 14.5 ; 10.124999999998181 
5765 ; 14.755000000001019 ; 9.760000000000218 
5770 ; 14.669999999998254 ; 11.015000000001237 
5775 ; 14.69000000000051 ; 11.755000000001019 
5780 ; 15.045000000000073 ; 9.799999999999272 
5785 ; 16.76000000000022 ; 10.715000000000146 
5790 ; 15.139999999999418 ; 16.3799999999992 
5795 ; 15.794999999998254 ; 9.755000000001019 
5800 ; 14.670000000001892 ; 10.364999999999782 
5805 ; 15.405000000000655 ; 9.960000000000946 
5810 ; 14.595000000001164 ; 10.589999999998327 
5815 ; 17.460000000000946 ; 11.965000000000146 
5820 ; 15.659999999999854 ; 10.964999999998327 
5825 ; 20.645000000000437 ; 10.034999999999854 
5830 ; 25.014999999999418 ; 14.039999999999054 
5835 ; 19.030000000000655 ; 10.779999999998836 
5840 ; 15.569999999999709 ; 10.395000000000437 
5845 ; 14.890000000001237 ; 10.31500000000051 
5850 ; 14.960000000000946 ; 10.844999999999345 
5855 ; 14.784999999999854 ; 9.960000000000946 
5860 ; 15.210000000000946 ; 10.209999999999127 
5865 ; 18.224999999998545 ; 11.215000000000146 
5870 ; 15.784999999999854 ; 10.149999999999636 
5875 ; 16.06500000000233 ; 11.4950000000008 
5880 ; 17.889999999999418 ; 11.18999999999869 
5885 ; 15.789999999999054 ; 10.260000000000218 
5890 ; 15.81500000000051 ; 10.929999999998472 
5895 ; 14.965000000000146 ; 13.125000000001819 
5900 ; 16.985000000000582 ; 9.930000000000291 
5905 ; 15.649999999997817 ; 11.335000000000946 
5910 ; 15.784999999998035 ; 10.989999999997963 
5915 ; 15.285000000001673 ; 10.50499999999738 
5920 ; 15.420000000001892 ; 10.334999999999127 
5925 ; 15.399999999999636 ; 10.649999999999636 
5930 ; 15.475000000000364 ; 10.56500000000051 
5935 ; 15.68500000000131 ; 10.359999999998763 
5940 ; 18.94000000000051 ; 11.950000000000728 
5945 ; 16.019999999998618 ; 10.010000000000218 
5950 ; 15.454999999998108 ; 10.68500000000131 
5955 ; 15.980000000001382 ; 10.795000000000073 
5960 ; 15.2549999999992 ; 10.534999999998035 
5965 ; 18.594999999999345 ; 11.655000000000655 
5970 ; 15.630000000001019 ; 12.344999999999345 
5975 ; 15.81500000000051 ; 10.669999999998254 
5980 ; 15.80999999999949 ; 10.2400000000016 
5985 ; 15.875 ; 10.449999999998909 
5990 ; 16.19000000000051 ; 10.415000000000873 
5995 ; 15.670000000000073 ; 10.429999999998472 
6000 ; 15.934999999997672 ; 10.215000000000146 
6005 ; 19.54500000000189 ; 10.850000000000364 
6010 ; 24.215000000000146 ; 10.619999999998981 
6015 ; 16.214999999998327 ; 11.145000000000437 
6020 ; 16.095000000001164 ; 10.610000000002401 
6025 ; 15.695000000001528 ; 10.744999999998981 
6030 ; 16.13500000000022 ; 10.680000000000291 
6035 ; 15.819999999999709 ; 10.760000000000218 
6040 ; 19.015000000001237 ; 11.199999999998909 
6045 ; 16.93499999999949 ; 10.784999999999854 
6050 ; 16.034999999998035 ; 10.610000000000582 
6055 ; 15.920000000001892 ; 10.630000000001019 
6060 ; 16.51000000000022 ; 10.294999999998254 
6065 ; 16.55999999999949 ; 10.979999999999563 
6070 ; 19.970000000001164 ; 11.145000000000437 
6075 ; 17.01000000000022 ; 10.75 
6080 ; 17.029999999998836 ; 10.450000000000728 
6085 ; 17.20499999999811 ; 11.175000000001091 
6090 ; 15.850000000000364 ; 10.674999999999272 
6095 ; 17.540000000000873 ; 10.324999999998909 
6100 ; 16.405000000000655 ; 16.515000000001237 
6105 ; 19.76000000000022 ; 11.114999999999782 
6110 ; 16.650000000001455 ; 11.415000000000873 
6115 ; 16.44000000000051 ; 10.695000000001528 
6120 ; 16.92000000000189 ; 11.300000000001091 
6125 ; 22.104999999999563 ; 11.150000000001455 
6130 ; 17.770000000000437 ; 10.720000000001164 
6135 ; 17.149999999999636 ; 11.345000000001164 
6140 ; 16.19499999999971 ; 11.180000000000291 
6145 ; 16.69999999999891 ; 10.659999999999854 
6150 ; 16.970000000001164 ; 11.419999999998254 
6155 ; 17.26000000000022 ; 11.005000000001019 
6160 ; 16.525000000001455 ; 11.609999999996944 
6165 ; 17.56499999999869 ; 12.325000000000728 
6170 ; 22.270000000002256 ; 15.609999999998763 
6175 ; 18.760000000002037 ; 18.530000000000655 
6180 ; 23.720000000001164 ; 12.820000000001528 
6185 ; 18.719999999997526 ; 12.715000000000146 
6190 ; 18.57499999999891 ; 12.489999999997963 
6195 ; 19.044999999998254 ; 13.010000000000218 
6200 ; 18.345000000001164 ; 12.989999999999782 
6205 ; 18.229999999997744 ; 13.224999999998545 
6210 ; 18.130000000002838 ; 14.209999999997308 
6215 ; 17.424999999999272 ; 11.454999999998108 
6220 ; 16.484999999996944 ; 11.055000000000291 
6225 ; 17.544999999998254 ; 12.05000000000291 
6230 ; 17.215000000000146 ; 11.025000000001455 
6235 ; 17.19499999999971 ; 11.56000000000131 
6240 ; 17.099999999998545 ; 10.975000000002183 
6245 ; 17.61999999999898 ; 14.205000000001746 
6250 ; 17.374999999996362 ; 13.750000000003638 
6255 ; 16.989999999997963 ; 11.869999999998981 
6260 ; 16.760000000002037 ; 11.0099999999984 
6265 ; 16.965000000003783 ; 10.94999999999709 
6270 ; 17.210000000002765 ; 10.790000000000873 
6275 ; 17.205000000001746 ; 10.834999999999127 
6280 ; 16.955000000001746 ; 11.780000000002474 
6285 ; 19.23500000000422 ; 12.174999999999272 
6290 ; 17.965000000000146 ; 10.905000000002474 
6295 ; 17.349999999998545 ; 12.044999999998254 
6300 ; 18.62000000000262 ; 11.955000000001746 
6305 ; 17.56499999999869 ; 11.485000000000582 
6310 ; 17.604999999999563 ; 11.030000000002474 
6315 ; 17.280000000002474 ; 11.069999999999709 
6320 ; 17.639999999999418 ; 10.850000000002183 
6325 ; 17.899999999997817 ; 11.229999999995925 
6330 ; 17.859999999996944 ; 11.119999999998981 
6335 ; 18.06999999999971 ; 11.2599999999984 
6340 ; 20.0199999999968 ; 11.059999999997672 
6345 ; 18.159999999999854 ; 10.98500000000422 
6350 ; 17.63000000000102 ; 11.265000000003056 
6355 ; 17.659999999999854 ; 11.619999999998981 
6360 ; 17.840000000000146 ; 11.215000000000146 
6365 ; 17.575000000000728 ; 10.969999999997526 
6370 ; 17.850000000002183 ; 11.0099999999984 
6375 ; 17.580000000005384 ; 11.444999999996071 
6380 ; 17.849999999998545 ; 11.289999999997235 
6385 ; 17.99499999999898 ; 11.409999999999854 
6390 ; 18.75 ; 11.349999999998545 
6395 ; 18.42000000000189 ; 11.135000000002037 
6400 ; 17.410000000003492 ; 11.410000000003492 
6405 ; 17.875 ; 11.229999999999563 
6410 ; 17.81999999999971 ; 11.959999999999127 
6415 ; 21.534999999999854 ; 11.270000000000437 
6420 ; 17.9800000000032 ; 11.139999999999418 
6425 ; 18.709999999999127 ; 10.975000000002183 
6430 ; 17.974999999998545 ; 12.204999999998108 
6435 ; 18.32999999999811 ; 11.270000000000437 
6440 ; 18.2300000000032 ; 11.299999999999272 
6445 ; 18.399999999997817 ; 11.079999999998108 
6450 ; 18.450000000004366 ; 11.330000000001746 
6455 ; 18.225000000002183 ; 12.204999999998108 
6460 ; 19.544999999998254 ; 12.774999999997817 
6465 ; 18.68000000000029 ; 12.075000000000728 
6470 ; 18.12000000000262 ; 11.959999999999127 
6475 ; 18.455000000001746 ; 12.309999999997672 
6480 ; 18.764999999999418 ; 11.569999999999709 
6485 ; 18.30999999999767 ; 11.69999999999709 
6490 ; 18.674999999995634 ; 11.194999999999709 
6495 ; 18.225000000002183 ; 11.68999999999869 
6500 ; 18.360000000000582 ; 11.760000000002037 
6505 ; 24.270000000000437 ; 12.950000000000728 
6510 ; 19.030000000002474 ; 11.284999999999854 
6515 ; 18.42500000000291 ; 11.654999999998836 
6520 ; 18.669999999998254 ; 11.659999999999854 
6525 ; 18.18000000000029 ; 11.690000000002328 
6530 ; 18.424999999999272 ; 11.594999999997526 
6535 ; 18.700000000004366 ; 11.434999999997672 
6540 ; 18.760000000002037 ; 11.570000000003347 
6545 ; 20.589999999996508 ; 17.19000000000233 
6550 ; 23.639999999999418 ; 11.82499999999709 
6555 ; 19.465000000000146 ; 12.094999999997526 
6560 ; 18.989999999997963 ; 11.779999999998836 
6565 ; 18.68500000000131 ; 11.204999999998108 
6570 ; 18.86999999999898 ; 11.329999999998108 
6575 ; 18.575000000000728 ; 11.670000000001892 
6580 ; 18.914999999997235 ; 12.360000000000582 
6585 ; 18.709999999999127 ; 11.56000000000131 
6590 ; 19.67000000000189 ; 11.534999999999854 
6595 ; 18.770000000000437 ; 11.854999999999563 
6600 ; 18.7599999999984 ; 11.544999999998254 
6605 ; 19.18500000000131 ; 11.505000000001019 
6610 ; 18.960000000002765 ; 11.444999999996071 
6615 ; 19.31000000000131 ; 12.169999999994616 
6620 ; 19.5099999999984 ; 11.760000000002037 
6625 ; 19.455000000001746 ; 12.174999999999272 
6630 ; 21.089999999996508 ; 13.860000000000582 
6635 ; 19.974999999998545 ; 12.424999999999272 
6640 ; 19.11999999999898 ; 12.079999999998108 
6645 ; 19.155000000002474 ; 13.915000000000873 
6650 ; 21.075000000000728 ; 14.204999999998108 
6655 ; 21.899999999997817 ; 15.189999999995052 
6660 ; 21.484999999996944 ; 13.059999999997672 
6665 ; 21.43500000000131 ; 14.005000000001019 
6670 ; 24.014999999999418 ; 23.154999999998836 
6675 ; 25.969999999997526 ; 14.474999999998545 
6680 ; 22.034999999999854 ; 12.419999999998254 
6685 ; 22.150000000001455 ; 12.450000000004366 
6690 ; 23.44499999999971 ; 16.010000000002037 
6695 ; 20.360000000000582 ; 12.119999999998981 
6700 ; 19.4800000000032 ; 11.92500000000291 
6705 ; 23.69499999999971 ; 14.86000000000422 
6710 ; 20.31000000000131 ; 11.965000000000146 
6715 ; 21.24500000000262 ; 12.994999999998981 
6720 ; 21.284999999999854 ; 11.630000000001019 
6725 ; 19.68499999999767 ; 11.760000000005675 
6730 ; 19.56999999999971 ; 11.854999999995925 
6735 ; 23.24500000000262 ; 12.964999999996508 
6740 ; 20.010000000002037 ; 12.315000000002328 
6745 ; 22.720000000001164 ; 13.43500000000131 
6750 ; 19.61999999999898 ; 12.110000000000582 
6755 ; 19.965000000000146 ; 12.194999999999709 
6760 ; 20.05500000000029 ; 12.530000000002474 
6765 ; 20.3650000000016 ; 16.104999999999563 
6770 ; 20.74499999999898 ; 12.225000000002183 
6775 ; 20.05999999999767 ; 11.900000000001455 
6780 ; 20.255000000004657 ; 15.765000000003056 
6785 ; 20.455000000001746 ; 12.110000000000582 
6790 ; 20.70999999999549 ; 12.430000000003929 
6795 ; 20.05500000000029 ; 12.75 
6800 ; 23.92000000000189 ; 11.720000000001164 
6805 ; 20.909999999999854 ; 11.680000000003929 
6810 ; 20.724999999998545 ; 11.784999999999854 
6815 ; 20.219999999997526 ; 11.93500000000131 
6820 ; 24.885000000002037 ; 13.169999999998254 
6825 ; 21.294999999998254 ; 12.680000000000291 
6830 ; 19.93000000000029 ; 12.37000000000262 
6835 ; 19.975000000002183 ; 12.044999999998254 
6840 ; 20.500000000003638 ; 12.484999999996944 
6845 ; 21.280000000002474 ; 13.010000000002037 
6850 ; 20.735000000000582 ; 11.969999999997526 
6855 ; 20.544999999998254 ; 12.315000000002328 
6860 ; 21.029999999998836 ; 12.075000000000728 
6865 ; 20.850000000002183 ; 13.010000000002037 
6870 ; 20.5099999999984 ; 13.059999999997672 
6875 ; 20.279999999998836 ; 12.180000000000291 
6880 ; 20.68499999999767 ; 12.595000000001164 
6885 ; 20.340000000000146 ; 12.335000000002765 
6890 ; 20.93000000000029 ; 12.229999999999563 
6895 ; 22.6150000000016 ; 14.17500000000291 
6900 ; 23.549999999999272 ; 15.430000000000291 
6905 ; 22.239999999997963 ; 14.659999999999854 
6910 ; 22.44000000000233 ; 12.784999999999854 
6915 ; 22.44999999999709 ; 13.264999999999418 
6920 ; 25.029999999998836 ; 13.18500000000131 
6925 ; 22.010000000002037 ; 13.149999999997817 
6930 ; 21.369999999995343 ; 12.56000000000131 
6935 ; 20.709999999999127 ; 12.659999999999854 
6940 ; 21.05000000000291 ; 14.659999999999854 
6945 ; 21.110000000000582 ; 12.305000000003929 
6950 ; 21.385000000002037 ; 12.82499999999709 
6955 ; 33.43000000000029 ; 13.584999999999127 
6960 ; 21.770000000000437 ; 12.805000000000291 
6965 ; 28.790000000000873 ; 15.295000000001892 
6970 ; 21.229999999999563 ; 13.299999999995634 
6975 ; 23.674999999999272 ; 14.1349999999984 
6980 ; 22.275000000001455 ; 12.029999999998836 
6985 ; 21.909999999996217 ; 12.709999999999127 
6990 ; 21.385000000002037 ; 17.415000000000873 
6995 ; 22.904999999995198 ; 13.244999999998981 
7000 ; 24.9900000000016 ; 12.110000000000582 
7005 ; 21.50499999999738 ; 12.470000000001164 
7010 ; 21.68000000000029 ; 12.415000000000873 
7015 ; 21.674999999995634 ; 12.75 
7020 ; 26.010000000002037 ; 14.349999999998545 
7025 ; 26.235000000000582 ; 13.3849999999984 
7030 ; 21.979999999999563 ; 13.954999999998108 
7035 ; 21.219999999997526 ; 12.654999999998836 
7040 ; 21.985000000000582 ; 13.739999999997963 
7045 ; 25.32499999999709 ; 14.039999999997235 
7050 ; 21.725000000002183 ; 13.319999999999709 
7055 ; 21.93500000000131 ; 12.81499999999869 
7060 ; 26.299999999999272 ; 19.010000000002037 
7065 ; 28.29500000000189 ; 21.44000000000233 
7070 ; 41.52499999999782 ; 16.640000000003056 
7075 ; 29.37999999999738 ; 16.500000000003638 
7080 ; 30.20499999999811 ; 12.920000000001892 
7085 ; 21.8550000000032 ; 12.885000000002037 
7090 ; 24.945000000003347 ; 13.395000000000437 
7095 ; 25.69499999999971 ; 18.125000000003638 
7100 ; 23.93500000000131 ; 12.799999999999272 
7105 ; 27.900000000001455 ; 12.779999999998836 
7110 ; 21.834999999999127 ; 13.049999999999272 
7115 ; 22.55500000000029 ; 12.380000000001019 
7120 ; 26.035000000003492 ; 13.329999999998108 
7125 ; 22.215000000000146 ; 12.8849999999984 
7130 ; 22.724999999998545 ; 12.830000000001746 
7135 ; 21.889999999999418 ; 12.534999999999854 
7140 ; 26.429999999996653 ; 13.75 
7145 ; 23.764999999999418 ; 13.24500000000262 
7150 ; 22.43999999999869 ; 12.659999999999854 
7155 ; 22.840000000000146 ; 16.000000000003638 
7160 ; 23.299999999999272 ; 12.860000000000582 
7165 ; 22.779999999995198 ; 14.779999999998836 
7170 ; 26.325000000000728 ; 14.73500000000422 
7175 ; 37.32000000000335 ; 26.965000000003783 
7180 ; 34.33499999999913 ; 14.06000000000131 
7185 ; 24.775000000001455 ; 13.524999999997817 
7190 ; 23.710000000002765 ; 17.18999999999869 
7195 ; 23.659999999999854 ; 13.659999999996217 
7200 ; 25.44499999999971 ; 14.064999999995052 
7205 ; 23.900000000001455 ; 15.105000000003201 
7210 ; 23.760000000002037 ; 12.81499999999869 
7215 ; 22.889999999999418 ; 13.55000000000291 
7220 ; 23.764999999999418 ; 23.209999999999127 
7225 ; 23.075000000000728 ; 13.104999999999563 
7230 ; 23.07999999999811 ; 13.539999999997235 
7235 ; 29.010000000002037 ; 13.889999999999418 
7240 ; 23.1150000000016 ; 13.684999999997672 
7245 ; 22.88000000000102 ; 15.389999999999418 
7250 ; 29.50500000000102 ; 14.595000000004802 
7255 ; 27.650000000001455 ; 13.665000000000873 
7260 ; 23.860000000000582 ; 13.295000000001892 
7265 ; 25.034999999999854 ; 14.329999999998108 
7270 ; 23.56000000000131 ; 13.68500000000131 
7275 ; 23.56999999999971 ; 13.229999999999563 
7280 ; 24.149999999997817 ; 12.934999999997672 
7285 ; 23.485000000000582 ; 18.06499999999869 
7290 ; 23.334999999999127 ; 13.905000000002474 
7295 ; 23.145000000000437 ; 13.030000000002474 
7300 ; 23.229999999999563 ; 12.755000000001019 
7305 ; 23.54500000000189 ; 12.860000000000582 
7310 ; 25.80000000000291 ; 14.390000000003056 
7315 ; 24.76499999999578 ; 12.719999999997526 
7320 ; 26.49499999999898 ; 14.369999999998981 
7325 ; 23.700000000000728 ; 14.180000000000291 
7330 ; 23.93500000000131 ; 12.719999999997526 
7335 ; 23.779999999998836 ; 13.099999999998545 
7340 ; 23.614999999997963 ; 13.784999999999854 
7345 ; 23.289999999997235 ; 13.43999999999869 
7350 ; 24.290000000000873 ; 18.945000000003347 
7355 ; 23.895000000000437 ; 12.940000000002328 
7360 ; 23.205000000001746 ; 13.554999999996653 
7365 ; 23.595000000001164 ; 13.180000000000291 
7370 ; 23.6150000000016 ; 13.520000000000437 
7375 ; 30.330000000001746 ; 14.539999999997235 
7380 ; 23.549999999999272 ; 13.554999999996653 
7385 ; 23.735000000000582 ; 13.395000000000437 
7390 ; 23.7599999999984 ; 15.845000000001164 
7395 ; 24.3650000000016 ; 13.979999999999563 
7400 ; 23.81499999999869 ; 13.340000000000146 
7405 ; 27.075000000000728 ; 15.5099999999984 
7410 ; 24.020000000000437 ; 16.275000000001455 
7415 ; 24.614999999997963 ; 14.404999999998836 
7420 ; 24.424999999999272 ; 13.159999999999854 
7425 ; 23.760000000002037 ; 16.36999999999898 
7430 ; 25.014999999999418 ; 14.090000000000146 
7435 ; 25.145000000000437 ; 18.554999999996653 
7440 ; 24.80500000000029 ; 14.065000000002328 
7445 ; 37.58499999999913 ; 15.56499999999869 
7450 ; 25.00500000000102 ; 13.815000000002328 
7455 ; 24.88000000000102 ; 14.524999999997817 
7460 ; 32.48500000000058 ; 15.569999999999709 
7465 ; 26.534999999999854 ; 13.659999999999854 
7470 ; 24.895000000000437 ; 13.695000000003347 
7475 ; 24.06499999999869 ; 13.690000000002328 
7480 ; 39.93500000000131 ; 15.730000000003201 
7485 ; 23.81499999999869 ; 13.880000000001019 
7490 ; 24.209999999999127 ; 13.454999999998108 
7495 ; 25.645000000000437 ; 14.195000000003347 
7500 ; 28.030000000002474 ; 15.364999999997963 
7505 ; 25.1349999999984 ; 13.48500000000422 
7510 ; 25.68999999999869 ; 13.56000000000131 
7515 ; 24.789999999997235 ; 13.4900000000016 
7520 ; 27.7400000000016 ; 16.590000000000146 
7525 ; 26.88000000000102 ; 14.130000000001019 
7530 ; 25.024999999997817 ; 14.194999999999709 
7535 ; 24.935000000004948 ; 13.735000000000582 
7540 ; 24.794999999998254 ; 13.680000000003929 
7545 ; 24.520000000004075 ; 13.565000000005966 
7550 ; 25.024999999997817 ; 13.139999999999418 
7555 ; 25.38000000000102 ; 13.705000000001746 
7560 ; 24.284999999999854 ; 13.700000000000728 
7565 ; 27.785000000003492 ; 14.154999999998836 
7570 ; 25.669999999998254 ; 13.975000000002183 
7575 ; 24.9800000000032 ; 13.534999999999854 
7580 ; 24.93499999999767 ; 14.37999999999738 
7585 ; 25.594999999997526 ; 13.610000000000582 
7590 ; 25.364999999994325 ; 13.989999999997963 
7595 ; 25.38000000000102 ; 13.715000000000146 
7600 ; 25.020000000000437 ; 13.294999999998254 
7605 ; 32.06500000000233 ; 15.040000000004511 
7610 ; 25.56500000000233 ; 13.715000000000146 
7615 ; 24.959999999999127 ; 14.575000000000728 
7620 ; 27.350000000002183 ; 13.614999999997963 
7625 ; 25.104999999999563 ; 13.93500000000131 
7630 ; 25.8650000000016 ; 14.790000000000873 
7635 ; 25.474999999994907 ; 13.709999999999127 
7640 ; 26 ; 14.139999999999418 
7645 ; 24.895000000004075 ; 13.834999999999127 
7650 ; 25.089999999996508 ; 13.8650000000016 
7655 ; 25.970000000001164 ; 13.805000000000291 
7660 ; 25.75500000000102 ; 13.7599999999984 
7665 ; 25.6150000000016 ; 13.784999999999854 
7670 ; 25.69000000000233 ; 13.944999999999709 
7675 ; 26.979999999999563 ; 13.44999999999709 
7680 ; 29.409999999999854 ; 16.874999999996362 
7685 ; 30.799999999999272 ; 17.284999999999854 
7690 ; 29.11999999999898 ; 14.860000000000582 
7695 ; 27.895000000000437 ; 13.760000000002037 
7700 ; 25.830000000001746 ; 14.694999999999709 
7705 ; 26.375 ; 13.835000000002765 
7710 ; 26.200000000000728 ; 15.590000000000146 
7715 ; 27.5 ; 15.220000000001164 
7720 ; 26.1150000000016 ; 14.62000000000262 
7725 ; 29.910000000003492 ; 16.06999999999971 
7730 ; 27.774999999997817 ; 14.015000000003056 
7735 ; 27.30999999999767 ; 14.7400000000016 
7740 ; 35.715000000000146 ; 28.81499999999869 
7745 ; 35.52000000000044 ; 26.700000000004366 
7750 ; 33.719999999997526 ; 18.874999999996362 
7755 ; 30.970000000001164 ; 17.474999999998545 
7760 ; 28.06000000000131 ; 15.339999999996508 
7765 ; 27.014999999999418 ; 14.965000000000146 
7770 ; 27.154999999995198 ; 15.059999999997672 
7775 ; 27.68000000000029 ; 14.159999999999854 
7780 ; 31.320000000003347 ; 15.440000000002328 
7785 ; 27.99500000000262 ; 15.325000000000728 
7790 ; 27.114999999997963 ; 19.264999999999418 
7795 ; 28.639999999999418 ; 14.709999999999127 
7800 ; 28.415000000000873 ; 17.360000000000582 
7805 ; 29.040000000000873 ; 14.650000000001455 
7810 ; 27.37000000000262 ; 14.914999999997235 
7815 ; 29.280000000002474 ; 14.849999999998545 
7820 ; 27.984999999996944 ; 14.75 
7825 ; 28.390000000003056 ; 14.81000000000131 
7830 ; 28.665000000000873 ; 15.809999999997672 
7835 ; 28.610000000000582 ; 14.924999999999272 
7840 ; 27.95999999999549 ; 17.840000000000146 
7845 ; 27.219999999997526 ; 14.669999999998254 
7850 ; 28.404999999998836 ; 15.645000000004075 
7855 ; 29.31999999999971 ; 17.354999999995925 
7860 ; 27.399999999997817 ; 15.544999999998254 
7865 ; 28.475000000002183 ; 15.350000000002183 
7870 ; 27.5 ; 15.37999999999738 
7875 ; 28.459999999999127 ; 15.395000000004075 
7880 ; 28.294999999998254 ; 17.514999999999418 
7885 ; 29.81499999999869 ; 16.710000000002765 
7890 ; 30.18499999999767 ; 17.039999999997235 
7895 ; 29.364999999997963 ; 16.715000000003783 
7900 ; 28.584999999999127 ; 20.81500000000233 
7905 ; 30.98500000000422 ; 16.36999999999898 
7910 ; 29.68999999999869 ; 18.739999999997963 
7915 ; 29.18500000000131 ; 15.43999999999869 
7920 ; 31.534999999999854 ; 16.88000000000102 
7925 ; 30.014999999999418 ; 17.114999999997963 
7930 ; 30.30999999999767 ; 14.430000000000291 
7935 ; 29.140000000003056 ; 15.444999999999709 
7940 ; 27.860000000000582 ; 15.360000000000582 
7945 ; 28.524999999997817 ; 15.954999999998108 
7950 ; 29.945000000003347 ; 15.654999999998836 
7955 ; 28.92500000000291 ; 15.610000000000582 
7960 ; 27.6150000000016 ; 15.864999999997963 
7965 ; 28.43999999999869 ; 14.720000000001164 
7970 ; 28.709999999999127 ; 14.904999999998836 
7975 ; 29.719999999997526 ; 15.18500000000131 
7980 ; 30.275000000005093 ; 14.57499999999709 
7985 ; 28.970000000001164 ; 15.380000000001019 
7990 ; 28.970000000001164 ; 15.284999999996217 
7995 ; 29.854999999995925 ; 15.194999999996071 
8000 ; 28.20499999999811 ; 14.825000000000728 